https://intel.ingress.com/intel?ll=54.339519%2C48.390817&z=15;Cg4Lz

https://habr.com/ru/all/;VvhKw
https://habr.com/ru/all/;k8vhT
https://habr.com/ru/all/;865CL
https://habr.com/ru/all/;fic7v
https://habr.com/ru/all/;2Q7NR
https://habr.com/ru/all/;xGwR4
https://habr.com/ru/all/;d0wzY
;zPx0U
https://habr.com/ru/all/;NPMU3
https://habr.com/ru/all/;FpHrk
https://habr.com/ru/all/;IQqXi
https://habr.com/ru/all/;PRdw8
https://habr.com/ru/all/;52Zfb
https://habr.com/ru/all/;djbqI
https://habr.com/ru/all/;UOb3d
https://habr.com/ru/all/;EuK8T
https://habr.com/ru/all/;nvJ5P
https://habr.com/ru/all/;fhJEN
